2.73831124293859,1.21447076966722,0.118223584466848
2.55088236909387,1.50230868716169,0.276850475093705
0.998244488694538,3.37215112365883,0.0482778759345056
4.39876524194739,0.961197378587302,0.325757503024526
1.58146737614513,2.91408410923797,-0.483222185664684
1.27117599661055,2.47072309064744,-0.219197851135869
0.652658916988176,2.3815566045945,-0.299135563253067
1.67550070112775,2.05080601577359,-0.0704647868702497
3.17850587896991,2.34818722116872,0.231634027085522
1.99185743134824,2.54646334022504,0.410703627355425
2.71868155751828,2.56485686024291,-1.02484436224559
2.00473167324744,0.79814380816492,-0.172436340798182
2.56299803599021,1.85485800293168,0.386369155615906
1.87647399931642,0.774718888122371,0.23382801400156
3.03059331541578,2.06562186814596,-0.275315208738635
2.97541055094236,1.89876919126915,-0.0870721969353719
0.722985225201633,2.24392601384945,-0.180028348089322
1.45959814561677,2.96175786310129,0.544868674731988
3.67559111666618,1.88982875146701,-0.104785244923007
2.34483410828582,1.40493184685769,-0.14922080900667
1.77599554123022,0.782955578919755,0.469036678143196
1.36308836523633,3.14561120688454,0.0733833815939532
3.12246422707511,2.58768790635986,-0.119035752076467
1.61688129496209,0.760013022319321,0.0427809213300237
1.61206043816711,2.33735534832406,0.583607937035052
1.8126158666274,3.09641220592659,-0.161507998350677
2.54227597409147,3.71656028231861,0.42287557401386
2.63434198622746,2.9071337691789,-0.360487267891319
1.60121555447598,1.72229767000316,0.691150093340358
2.10959728602935,3.02684344202791,-0.151253553382323
1.57171395210331,2.98982927723953,-0.80690728590811
1.66483463234522,0.790117339536469,0.698832324471099
1.66558364832736,2.90011257089157,-0.292916468200058
2.9673129285568,2.58946483094847,0.380228950863766
2.66677978471543,1.21679413324724,0.528699483056311
0.484341260540746,1.47292955979521,0.0296299369554783
1.07980977653926,2.20780184598746,0.385066725077841
1.02824822544887,1.96148675483323,-0.70911240139676
1.25708990576666,3.90776989045952,-0.0755162747727149
3.40065530193947,2.00472363677134,0.427845948523904
2.77854467548196,2.34905895548308,-0.470394997813337
2.90315540154824,1.20985459289254,-0.126391562300298
2.13006865193487,1.20041205679484,0.0706876597813409
1.74298321681011,3.60835253408376,-0.329470989556573
1.21564354572542,1.49328317517135,-0.314235013282252
2.07285907390821,-0.146287948098709,0.197087892960724
1.41542237528312,1.91408880233612,-0.512611405299809
2.68702977130909,2.0192318303962,0.317479849348126
1.52013515900949,0.890560554845323,0.253311087653445
2.4356873158835,3.29244695731978,0.0462178408659041
2.73656657331628,3.30568353051848,-0.787291817274719
2.25190230848373,0.979450345805822,0.403636076197721
1.63494993587441,-0.0155507411493971,0.134836399515086
2.77055315666026,1.5752753996494,-0.366230554096186
-0.585548775600669,1.21796266139583,-1.01130445503123
1.8068784736737,1.61423969360463,-0.890727336496686
2.02806851594166,2.51925374783612,0.296350082259414
0.623524511193777,1.15494440300856,-0.196907712636891
1.3986520676304,4.31949424012362,-0.567866020385005
0.718129809585946,2.28217105982273,0.181925128455817
3.79081480937561,1.94824410201232,-0.698383072146832
1.92017574215065,3.10525177734923,-0.523962275760782
1.17889278552729,1.62043047908058,0.473343744885669
1.91538791679747,1.88974200631906,-0.0696143439954696
2.50753172083844,1.71082564368518,-0.376680757437515
3.04137319431826,0.23830520956954,0.186962052493562
1.33854972883284,2.76553502884495,-0.217527571293939
0.816032910024972,1.03271731526711,0.555667039306747
2.15343916166326,2.95804034182786,0.676646862728283
1.76685310037818,1.03813271404525,0.135464956552386
2.48412521797244,2.7127376781768,-0.150042249736544
1.49564479073983,0.902983441812268,-0.553064852629519
1.20816647282864,2.85999946342022,-0.862621047404248
2.73138740705952,2.39619194621013,0.224346650090079
0.650990575342361,2.5990960341872,-0.296878563403381
4.40921467716463,1.49571741414232,0.450913347814977
2.62723609891453,0.705732962312214,0.0859985920307014
2.78379028527235,2.10742416187938,0.214889008282307
1.94296789449347,1.62900247660719,-0.212159895852898
2.21097470403279,1.97738647841177,-0.161435149365342
3.55776753457305,1.17757699907334,-0.164637847640166
3.07641555052972,2.52391126596205,0.683064857691167
0.498178891503789,3.3724311668087,0.532627261382077
1.96944530799527,2.50679372934216,0.488034441104322
3.16833836621833,2.66967382780278,-0.531340415686418
-0.323060855166672,2.11790493542569,-0.037456484654091
1.16872218053453,2.07715027778212,1.09967194940179
0.520323562892488,1.56072727959729,-0.405592862593493
1.83239475506835,2.48607322502505,0.345699799329249
1.72929120951556,1.75997347390669,-0.466282104517418
2.0025696531415,0.752015687755666,0.498572529343621
2.69716847012949,2.41753575715968,0.219011222332053
2.59006267361262,0.545940418095543,0.136243506816652
1.55097782318939,1.30263906805809,0.399074497975123
3.20657508537938,1.04975819524268,0.955775957277001
1.14536327594333,2.23201012659507,-0.128933797132895
2.08959059025869,1.67486879573169,0.163644828860602
-0.0365631931872836,2.88746417858558,0.348193943862569
1.46772190955915,1.61570364206016,0.114475145320984
1.65846580395203,0.809217126373391,0.0707554255081878
2.05094063159652,2.29965466830536,-0.40217016541125
2.72152487079451,2.33855091939454,-0.289322677026316
1.73675494712234,1.45259845475486,-0.176295207986713
1.63096820675555,1.39175446056239,-1.00347874422801
4.44316920227058,2.11501160514755,-0.144935290430636
2.25675486167642,2.15056470681845,0.840200143743394
1.57713992711219,2.14547298747734,0.288896922265448
2.73230414356384,2.64808663495103,0.118131666587288
2.25889522532406,2.38586749946088,-0.413712421983615
2.72576291315344,1.5601747817644,-0.762870679981427
0.0373314643286171,3.19100998630206,0.566544885450889
3.01532861458896,0.839424547870802,-0.0531457281392382
2.06879331754757,3.19702949688959,-0.780593175318927
2.4204464454763,2.21346470613513,-0.32744965673933
1.33460661103483,1.83618624475276,0.482818665896046
2.07457042739596,2.19925112545955,0.825308079016424
1.77412223827066,1.22319632719463,0.144018535246158
3.04496694230252,1.50218875141116,0.280297539379634
0.533703243797511,3.13035904933793,0.284566653128062
2.65134997284105,0.918602744999184,-0.428227845574897
2.99843236490653,3.29856081052193,-0.0883604652922375
2.14599484110069,1.96889103037212,-0.188825456155425
1.95090106393952,3.21001090834501,0.290814420047391
1.67945843085975,2.32359853706138,0.109151684975685
2.26748093888121,1.44028601301034,0.232636608750223
1.44774960345177,0.985968611618978,-0.843238974528404
2.14232597462462,1.72045438305722,-0.460944220838922
1.45778156193748,0.332859667423657,1.09280716772195
2.56155897536885,1.60319006008536,0.298387462747307
1.02926451794545,2.32049565289491,-0.19607304003941
1.46572626703648,3.27290286383423,-0.315121605501265
1.99242413001496,1.69090593435981,0.576266400670655
0.468646544864394,3.06654557263823,-0.184505585308943
1.08826880693403,1.00818938053371,0.551591067306149
3.08092981359767,2.82451877631425,-0.0772163512524365
1.39823486381858,1.37801421381302,-0.298486673915841
1.67531495719051,2.17750648752814,-0.362150197466763
3.77891524321321,1.55293232294062,0.683572806442788
1.9377088234332,2.41432002166941,0.83794601577231
1.89693609009017,1.80856864916995,0.797905948214852
0.667696366978078,1.35384424624139,0.780485974351943
1.93612539370928,2.04371959058937,-0.0525709803451222
2.61352725442274,2.1329613335443,0.0504538631765545
1.48421041020582,1.50658064169407,-0.0173316825912031
1.84252179018817,3.28988676958653,-0.331739379014769
2.58133788265458,3.39602552836928,-0.129700393251
3.1061270962086,3.29555313251723,0.222052579227497
1.09579760388567,2.33972620316955,-0.405399791754671
4.10703053139434,2.82975744385357,0.444572779357695
2.94157248360372,0.904984011243156,-0.227585871385362
2.4961007865011,1.44453177691039,-0.82429560145362
0.746164496069497,2.73074183014047,-0.03428498339016
1.38673820319136,1.49357725125787,-0.480220563061799
2.11761878942656,1.2994296749609,0.18795997774284
2.36322296882,3.17977369068463,-0.208217759793546
3.18420898038714,3.23549784074899,-0.0410596343888623
1.99678065766704,1.49502446297305,-0.445173950634513
-0.70269748377569,1.53877215990902,0.321428620753717
1.27625973055367,2.25119239269671,-0.0967605521605151
2.80482961746527,3.36914168628268,-0.102613105754407
2.5942468715512,0.791671506241509,-0.485373918986893
3.19382951246659,3.04524387490591,0.306069662507015
1.18128467320897,0.781704052953682,-0.984780682848173
2.97658477898381,0.731922743298446,0.193508492915129
3.63122400905632,1.67668520287719,0.647807820229923
1.6784044486348,2.10734405185734,0.297867666175017
1.86394857124306,4.92104446492275,-0.870625792414259
1.24275166977614,2.35421656904498,-0.00053424013361589
1.30927018444597,2.26833210111555,-0.383897890917025
3.78437552256179,1.08414675329746,0.388027320191306
2.76914511098832,1.18975322622817,0.318341076495743
2.51564336470055,1.43340234183681,0.581841303094713
3.12644539718744,1.93434690770206,-0.374444918919764
2.06695085815943,1.01605608392563,-0.619758937656988
2.043775502048,2.70213755573468,-0.553450884748889
2.07173081896754,3.1734183430192,0.436635491241175
2.44360030824685,2.07667561029564,-0.172889388192483
3.04619184236684,2.54747421022073,-0.296799051694733
3.21276918885245,-0.341431056412438,-0.0421227795667581
2.36072975899145,0.655707200934074,-0.666946850857051
2.89190010137435,2.69946388345752,-0.515971226455749
2.85460222925962,3.10032171802565,0.0398478319563209
0.990060327805937,2.04473072731325,0.346860983480083
2.13271788209563,4.26582818026282,-0.148184316974987
4.61070119622027,3.3458305167972,0.302197924085418
2.52210294118177,1.9408669726389,0.426300994806582
1.41646438171922,2.11637490917651,-0.6260023702666
2.79904689449642,0.837779070349975,0.317732503934723
2.22093496084909,1.14144634409164,-0.00409645739172396
1.75755280369975,2.46266554126396,-0.46936115459563
2.55585545105246,1.17183417101557,0.412951754092349
2.27973034000761,1.40884372258007,0.504394088219298
1.17361356791757,2.02776070126739,0.309397874072457
2.16763338973192,2.31818553401278,0.0558970332679379
1.72091567363039,1.64807358104351,0.139286232110236
1.6188018592227,2.86408966775049,-0.0760678806619533
2.43679556184625,4.36180683527255,-0.179254025401424
0.92535225201562,2.22314603310855,0.260800960337438
2.09693432102855,2.24093742307146,-0.0493923854964926
1.27388002371568,2.07924334759969,-0.117073474550784
-2.50028766816987,-3.12242367535046,-0.31999826437468
-3.63620040817123,-2.93606572072864,-0.147969532188813
-1.39751231700901,-2.76621444118175,1.21894215361792
-2.55637721467382,-2.47801448713445,-0.143228817594592
-2.94760807972302,-2.49760587243338,-0.0254720881111158
-1.68371656155887,-2.83053771660669,0.403532271068005
-0.734606902476452,-1.51241415016772,-0.16055688505905
-1.13405711084477,-1.71177692943878,-0.605024238512119
-0.685732376432426,-2.17317464998352,-0.396481543412825
-2.27742191723704,-2.96405775867751,-0.166676467786847
-1.27786436840711,-0.787722328357341,0.355655558371669
-2.34783751393864,-2.26462313216342,0.140450731520237
-1.83439198201392,-2.01457191878872,0.609208492500064
-1.40508076721081,-1.48938507237991,-0.935511129658184
-1.69111982056032,-0.665495230481242,0.17057946760638
-1.90978905509128,-2.76794318211692,0.139141097504321
-2.3724864758561,-1.74260067875066,0.644385151589684
-1.31145416374766,-2.49541017384272,-0.0657933616228036
-2.35305969950194,-2.72053366366494,-0.45803622913179
-1.65649528456845,-1.45548633801206,0.373080310694495
-2.85896006940401,-3.27916225937985,0.0957843470238225
-2.18412290393909,-2.49220694177314,0.610495588802023
-0.188409920798419,-2.76196047436257,0.872155673937242
-3.08001900231774,-1.22119444661654,0.0212030332383117
-1.73290273753134,-2.43351479127184,0.307330778665813
-1.90707600607291,-2.35318933981952,0.711512045177326
-1.41129787637928,-2.97468902781514,-0.253534924450847
-1.94427805356365,-0.0268273025994912,-0.101745459007125
-0.429350997926347,-2.26621566946771,-0.0181285263928914
-0.939232568206672,-2.92653282931847,0.283564404449059
-1.92419352715735,-3.25053389250619,0.172431139533293
-2.11932353522154,-1.81471491662486,-0.246370772695714
-2.41172049863103,-2.33075938969319,-0.359873667801914
-2.84500085716402,-3.40393424254882,0.235614351985489
-2.29005010656536,-1.88655763809758,0.350051114889252
-1.60545067743245,-4.20883526830728,-0.387785148710044
-2.97227399111446,-2.94015279327563,0.374472033213208
-3.70441818041512,-2.27028678044541,0.44258793691569
-3.68378233631458,-0.769176801860841,0.46874514736413
-1.59439629947929,-1.84456343988211,0.0567804605252695
-3.25135436098533,-1.59741399190825,-0.262055984241463
-1.74246486350617,-2.04313301639194,-0.0217654085953071
-2.63323653160128,-0.391587408486112,-0.148775486359398
-3.81371972089345,-4.11974586378152,1.22023832828633
-2.26785676867075,-0.811553018537783,-0.0440335145388177
-2.67988241003082,-1.3735701336241,0.745963171589507
-3.28679659839471,-2.49181544712684,0.584832243157544
-1.81438316545956,-2.43177323773048,0.196585776582661
-2.27434499121584,-1.38304793724601,0.471834527829458
-1.63121879144558,-2.94524270658159,0.160326307188578
-2.45527410109305,-0.476281831069627,0.427544147935929
-2.88700611297477,-2.52664868288294,0.65920050625513
-1.99557951421179,-2.14422203889915,-0.605962612831787
-2.53820258975602,-1.77930060512305,0.0754772836829274
-1.86210604491267,-1.60633967489475,-0.2377042759895
-1.92143244040268,-1.35878323549212,-0.249547651668504
-1.88362740740042,-2.67592701891137,-0.351597500504909
-0.162464003027958,-2.75314931427761,-0.199432139822769
-2.06617921934834,-2.82568613877288,-0.250000244520858
-2.22562685842457,-1.57695669265961,-0.626092574849611
-1.17580760633743,-2.13308506797712,-0.778880851937201
-3.683783618825,-1.6590345872214,-0.42481288331285
-2.85483526988601,-2.6673250046369,0.602568829178835
-0.763665575663513,-2.22588333710215,-0.248913015419242
-2.04160116587571,-3.16550168373641,0.0288144068366523
-2.89098719849267,-1.98030136847678,-0.528754795307283
-3.43940629105814,-1.50288606883962,-0.105554301700935
-2.30199097022049,-2.17908035875731,0.102288051845737
-1.64620771281398,-2.39819734736055,0.0765402041561364
-0.430172725554961,-0.932119769427353,0.45863977215726
-2.57554055247615,-0.716743803341568,-0.367836105345246
-2.65381807760429,-0.301601519437779,0.0569866148289489
-1.79049965880163,-2.42890874932794,-0.317947862619125
-0.906142055975423,-1.61066674577625,0.0828065212357855
-1.57996844905137,-2.84423761119475,0.187600302038122
-2.51516582682538,-3.08483387348765,0.593446451721508
-3.77272144773954,-1.77667764354542,0.136493289435015
-2.07974498365135,-0.241116441377123,0.292603173634083
-0.208567257644961,-1.98391317048173,0.199943742278505
-1.46656753536888,-2.7481620045484,0.814521761423033
-1.82759518471347,-1.96513799760257,0.0966587117883996
-1.15568297673467,-1.24992755517822,0.0256017433418951
-2.34197822883036,-2.92854283752245,-1.17331542149559
-3.43258509106517,-2.66945111388529,-0.512083820929782
-1.26803582752246,-2.13766956997001,0.409151620209535
-2.95543082417833,-2.98231091190306,-0.392014745367325
-1.19620161315987,-1.40319427233525,-0.544222670081782
-1.39161932875413,-3.34401270145379,0.459969081330294
-2.36826214249449,-1.28944600808676,0.696367003584754
-1.72400603384477,-2.29399092749444,-0.337278570572881
-2.49601739403933,-1.86561780891108,0.0109873046969059
-2.11384872124094,-3.31540805345337,-0.240038554340274
-2.63444127104671,-2.97424569380065,0.360515643480241
-1.88656143002667,-2.54452252236342,0.289934118539505
-3.08107998841462,-1.11215911799639,-0.59715707454985
-1.35566856298715,-0.602688367412495,0.310694455159043
-2.70277246773953,-3.76823595603682,0.000889106453464336
-1.18648731428765,-1.09633942862031,0.393739157530889
-1.11307126686401,-2.62465297254579,-0.263130798079715
-3.54543753291462,-3.58461225237304,-0.0466566926823501
-2.09101004091096,-1.47120048356101,0.768847061577868
-1.40339295979677,-1.27727991022695,0.330235930304948
-0.323267831416827,-0.9764533718801,-0.498450617929035
-2.55552767187391,-0.844003764313786,-0.000666110938687348
-2.77282364029864,-3.75462353576814,0.460367633906603
-1.78513068454443,-0.377399025461389,0.455847718443439
-2.16039184106769,-1.96004551133536,-0.29035653057949
-1.06095428729829,-1.92030558362448,0.0849025201811773
-1.35730215243803,-3.11048941805683,0.69364046787963
-1.98848847820088,-2.54837438421686,0.507683842457525
-2.31012161024804,-2.94700129254033,-0.9861376791894
-2.45542690351723,-3.63627567574878,-0.282329288410909
-3.36121771854458,-1.62934442959991,0.264320710917915
-2.68248987850369,-2.66013964805974,-0.562638120245126
-0.58036261954609,-2.43408913328162,0.328915526353455
-1.49218739968668,-2.12908986433608,-0.494928601741557
-2.40374958868201,-1.27137797644758,-0.435297560320695
-1.22108893964436,-1.29723796741217,-0.4237154739123
-2.58524957412252,-0.305740435889145,0.651255831936544
-0.622869573688438,-1.69080684239265,0.202231016216742
-1.52262916952348,-2.04563101071772,0.15230529627254
-2.26905285368785,-2.4854983934323,0.0915274417955165
-3.44060701061523,-2.24161409359239,-0.161722123364236
-2.32053903494238,-1.50806803223916,0.0413946618938553
-3.21653772404243,-2.48602975921789,-0.120527118502123
-2.33481716912528,-2.74164364945952,0.035800916290258
-1.94723133255334,-3.2723878391064,-0.378120737728187
-1.62389049632877,-2.24919004034312,0.525886861238055
-1.38277049871751,-2.46356217549028,-0.24868148727652
-2.46677286542965,-3.36328755265338,-0.0216450579602343
-1.13545295240472,-0.748900297798928,-0.514108001921577
-0.967995781400528,-1.56504972479985,0.844668649949456
-2.24769539307313,-1.51878382982211,-0.189317939865916
-2.18851840156073,-2.11649034732459,-0.279259596979141
-1.03900489496711,-2.1703616110452,0.859931367605251
-2.31217006166475,-0.506035234297934,-0.39209167705929
-1.84484742657585,-1.91404662447556,0.0402977838947548
-2.82088231230503,-0.912280584803076,0.127050031993576
-2.88016436373048,-2.35948648634432,0.357775330009507
-1.5680667614311,-1.51055582416422,-0.18903958161158
-3.08331348132529,-3.7047689208789,-0.552319067538032
-2.57518969138612,-1.84238008599357,0.73930273017984
-2.5508190095523,-1.75023354382003,0.793790298456607
-1.55177325632543,-1.8538658301217,0.274403743622486
-2.35257956583137,-0.633131682489537,-0.897292906925956
-1.69474740980267,-1.80762377445351,0.199579822072751
-1.79617341976124,-2.06661828796956,1.50546342033694
-3.20259472332423,-2.0629455027801,-0.171369078992741
-1.35029294558946,-1.82675966540071,-0.291410782711191
-2.30054246181492,-1.03977746838703,0.12316348872796
-2.2630643754705,-0.572531349487919,-0.780908209424553
-2.43883414728328,-1.77549882339205,-0.0388152723132175
-2.14797885559953,-3.27949550406832,0.168340293559967
-3.38914031916716,-2.23483988374899,0.367751270147442
-0.806743927650051,-2.46306757363442,-0.15022589762693
-1.02766685806826,-2.74460986734374,-0.123415576817095
-1.86716996419333,-2.49372058570736,0.04881184092828
-3.42167560395093,-3.41054032300003,-0.162808442791562
-2.3223900024648,-3.17529611560542,0.0328399511369923
-2.70151248303427,-4.08609889988672,0.426385667916477
-1.17045883737327,-1.65782585778517,1.05688228844533
-2.09690371446308,-1.87775400689222,0.950414652976165
-0.623753846395054,-1.76585823782553,-0.0534149697449897
-2.39495230297277,0.56632517267349,-0.151334593412745
-2.26249557733213,-0.781754315243335,0.164805443516088
-1.57830390560826,-1.64720430706852,-0.401441513833342
-2.07921774001466,-1.71545436778707,0.619160966286614
-2.46637712850358,-1.52826560861399,-0.20558109396889
-0.759079913411753,-3.15329877784592,0.283475397029488
-3.32381469425374,-1.53945266842944,0.321427371862694
-1.56889926492391,-1.65272007470324,-0.566382836380309
-1.2204868429903,-3.08212627441991,0.691365363264463
-2.27274398636307,-2.61890748593184,-0.0321515873194218
-3.71015175200997,-0.904600410180727,-0.105372883039303
-0.33306458435166,-1.589993006075,0.34046521762881
-1.61612553704227,-3.34595696670502,-0.222974670057114
-1.34402652343803,-2.53638689008272,-0.304008967722794
-1.43013055443492,-2.6480389833687,0.0839253772320685
-0.248412778914762,-4.02609324980426,0.317801710120817
-0.774436784859516,-1.73240562091954,0.141034446688886
-2.56976172715063,-2.90019150225347,0.380102632231922
-1.00375396474388,-1.41445409981788,0.2339022505422
-2.42638971751385,-1.76654614630677,-0.0622799952865312
-1.48374541431383,-3.2809994765756,0.212480316355074
-1.69807009200644,-2.950541130804,-0.300781051184161
-0.595861633516412,-1.9691681721258,0.372676242966339
-3.53606763870365,-2.0243934051636,-0.380119941212955
-1.99966108235609,-1.69868720272038,0.895399704726416
-2.7175547674677,-3.13112412387848,-0.340854163179506
-1.35567590614692,-1.81662729478708,0.347613587679689
-2.0795646740878,-2.62370447666404,-0.763835076380607
-2.10921602788961,-1.29368268506596,-0.605358271921632
-3.21187106810747,-2.77445371159687,0.132083122076199
-1.34485161784179,-3.22074534676395,-0.538933915216456
-2.83896402632334,-2.48887821016539,-0.482634494019364
-3.01430428570536,-2.48904279679711,0.853382486926668
-2.40884061657438,-1.09874881838252,-0.512819294474442
-1.3243433579692,-1.27521935449485,-0.113640611148682
-1.45076025208538,-1.01281224380959,0.766964041479688
-1.26997716697994,-2.00915588462862,0.30527894520243
-1.43032767118274,1.93406873925742,-0.0790090223164456
-1.65503805881928,1.48259283414445,0.197347458863677
-2.81859983747848,2.79923340928488,0.464373720337672
-2.06152201064796,1.55653951951167,0.266549395186964
-1.01357984504954,2.68714142253375,-0.478863612161423
-2.32574364194218,2.93982594899964,0.790663952173813
-2.87794502628565,3.12257440296268,0.0699815035689349
-1.40740932123611,0.99938848652086,-0.29758375532949
-1.34795009828045,2.23112094667699,-0.852134316206803
-2.27566270627365,2.93956445796148,0.121844704197173
-0.628180362498057,0.784152834831901,0.336719334409084
-3.47326244808262,1.89467371598782,-0.227833812213184
-1.46926984343292,2.63983089160946,-0.546606080113635
-1.324117588488,1.39837674879734,-0.455091362693566
-2.30712326865661,0.744484453039517,0.701231608419912
-1.83132931917074,1.00533952696661,-0.182803347274217
-1.89573452388333,2.10512160427932,0.463587687203003
-2.68742717716781,2.43485003428074,-0.598962518730438
-1.54570338398194,1.1827089526478,-0.640933225406766
-2.17874161612875,1.37388064224277,0.16728657494917
-2.05388513201588,1.96630755347052,0.0696860197513464
-2.3178510629583,3.13167528702475,0.458648909217204
-2.1606674934285,1.66873820881745,-0.0986435830749232
-2.75223284712536,2.420279959719,0.14681313584208
-0.507444705989389,2.80537145701243,0.364856379800932
-2.64917354978321,3.01193830447633,0.0942275051919174
-2.81923166887327,0.909764645438814,-0.467324327772462
-4.31579422960353,1.88123098821265,0.162812800786872
-1.84210802688473,2.91150100262312,-0.319965345880047
-1.92658286851446,1.67359108665825,-0.47999259885347
-1.75456922040791,1.46475135959743,0.647238975437349
-1.28079728765362,1.41612375200354,0.106672346251352
-1.43878970460081,0.837638202066278,0.37801444820294
-2.54573876633903,1.61331238564123,0.0365358422097329
-2.82266821976493,2.16926765541153,-0.0959855922683845
-2.90661685932984,3.06736897061013,-0.190905904160834
-1.72674075583138,1.85049116149403,-0.142354078075268
-1.78435693337889,1.46318456103797,0.457584821470773
-3.11192381015143,2.53381197854489,-0.344744378745308
-2.20413442483287,2.2703984597282,0.335302490190024
-1.14232380354844,2.10363458839683,-0.349757828349748
-1.79540060355254,0.743062336602799,-0.323357951237059
-2.28165104579923,1.77554562540488,0.432139858225304
-1.98402828646734,2.26609191028591,-0.421982540564108
-1.64371086770742,3.84826559524212,0.216539224408006
-3.03339153589029,1.18138587632233,0.181994314099115
-2.36503020030319,2.67942059179901,-0.454241153374939
-1.69927721916697,2.16030045216685,0.40306949496409
-0.707396792342188,1.98774254416245,-0.301150112078734
-1.1063467323089,2.21388173244452,-0.256200797861282
-1.62503958935046,0.623948609440949,0.0671227005543562
-1.42837921731098,1.94538675500787,0.283921260366055
-2.09657861382155,0.189659681004385,0.906604417651988
-0.231378538601045,2.29528642132564,0.70066760595399
-0.258420052529205,2.06961677006872,0.0137287588948844
-2.48129231057612,1.25605398507083,0.189243036702101
-3.45266642910901,1.95207786038415,-0.0746751407142875
-0.96784435480976,1.52481263841439,-0.0266591806424585
-3.26345345547339,2.26703407190701,0.487187050799672
-2.29064057303064,1.80842787062393,0.173514374619268
-2.55868830340777,2.28553980270478,-0.446124805147629
-2.6912668986529,1.3136352896525,0.370901926512314
-0.888614889999705,2.30238631647424,-0.268774140879597
-2.83324249660186,0.395148313425269,0.739452562498288
-2.15747181221074,1.58904993495336,-0.246815223772416
-0.849833977772924,1.70407668118728,0.120892194096356
-2.78234489205577,2.54972319695211,0.029850234689215
-1.78056741326628,2.57763322756607,-0.0570416110435734
-1.43998404707837,2.85014543116387,0.152750576062036
-2.36526989260384,2.40511224651435,-0.0119345254643543
-2.23942948798243,2.43157171115661,-0.13573630458967
-3.00365025026762,2.72739619328669,0.444723769365114
-2.05207544655869,2.35070880935946,0.644528738048337
-2.61802313660598,1.17772426645422,0.754844807590023
-0.927174258712257,1.17413575017026,0.120721212243566
-0.739796870493949,1.400667254088,0.0792236944936506
-1.61824677083692,2.22383699626445,-0.227371380048255
-1.52544342368195,2.05532445738817,-0.698171201254143
-1.45114577973268,1.41606570480047,1.07676089384733
-3.46119192210299,1.94959168088552,-0.333786353218996
-1.44639125452329,2.0121203290779,-0.0567887061964689
-2.24923769246401,2.99473982003726,-0.757082842614275
-2.76788037785158,2.02207114807092,0.166527734395459
-1.69930093288655,1.98467293503039,-0.0566475837781589
-1.53981211996193,2.15128688264591,0.0110177587733655
-0.971279194934803,1.74217717420269,-0.437305781420789
-2.36943200271384,2.25853593869846,0.739671386173915
-1.49474089555134,1.03854793853338,0.0986240037603969
-2.85615591213725,2.0126687203389,-0.35300401047913
-2.17803285370039,1.89928332994161,-0.142670820301574
-3.10449852272905,2.05449130569093,0.0209753922787337
-2.70881595487309,2.41458821756778,0.317598868944573
-0.69357156517503,1.80472906178423,0.937180310657262
-1.67797139139178,1.43581188534924,-0.27414012797058
-1.39927503495629,1.07586550418929,-0.406593557558839
-1.81733681908533,1.83846033166397,0.0526621490882838
-2.0337624822509,1.77023475474963,-0.0173679282505967
-2.79150510175301,0.766114501955658,-0.254466077382462
-1.0722619833483,1.0823634732647,-0.53430373443693
-2.82322713538228,2.80357493946707,-0.297463122469175
-1.10736737742169,1.98497586239221,-0.641132301111925
-2.21893414681278,0.317282864023774,-0.0600756302195585
-1.58583582366043,0.0712241440702686,0.502488463356446
-3.0409913806,0.88348934366966,0.283031655958049
-2.60109296127186,1.86390835874506,0.361407573090081
-1.80040170180788,1.179718282503,-0.530397860556958
-1.70979632724027,2.41619264144511,-0.312784073962186
-1.17505476443573,3.73302511054014,-0.604925534994931
-2.58212747133157,2.98345335223291,-0.154743511928252
-3.80398547703303,1.63845079485405,-0.493356848963371
-1.86419662458227,3.53306635405671,0.405865279098929
-0.791120219985674,1.34080903551868,-0.698264201797332
-1.46618951113309,1.05777138424108,0.292772942136672
-2.00095618479052,2.85255914699116,0.560339003107361
-1.0509870857962,0.783832964566883,-0.642408834959128
-2.05654748475366,1.17040819523646,0.230929527240794
-1.324658336011,2.17298348303724,-0.793773286409791
-2.55029666838882,1.1092729021299,-0.111267135021428
0.240484621263611,1.97558993482087,0.107902160838192
-1.6756809397864,1.42959268350724,0.456014701212754
-2.79186798042183,2.0204034938198,-0.340208356184137
-1.97552195474195,3.25412914273207,0.447780779936231
0.121612839356976,1.41210726270526,-0.122370979600063
-2.40830446848791,1.57605449928935,0.757770790333985
0.354835974455551,2.18701867395204,0.538007394393345
-0.551995380280403,0.344460962348355,-0.627112287816944
-2.45055807459715,3.25874308782284,0.289859244920089
-2.81003576315158,1.36919911459842,0.508280312465917
-0.947812077367887,2.97946642842635,0.400476831258815
-1.33112517081134,0.484867100273076,0.655570417420698
-1.53322218452358,0.474444589901274,0.146861494435193
-2.96615160318712,3.98078966360737,-0.0456598633288297
-1.33932894888991,2.99364666272825,0.105125920002258
-1.4415533364071,3.33178926021779,-0.0753330114479653
-1.74648979461913,2.30092864650839,-0.443972145153439
-1.05558808833385,2.59846578212409,-0.725540858112267
-2.1425713674753,2.58360191225362,-0.0714692430424592
-2.53025162769131,2.09625951376636,0.783668018973999
-3.32540656579336,1.75253461673923,-0.0652617227299519
-1.54846033179226,1.8826806817026,-0.384432349113741
-2.1739910260927,1.40384246551282,-0.0882568084656993
-1.75273873637631,2.77054099427497,-0.413035187062546
-0.913612651361136,2.34039270187485,0.0418596994405167
-0.776711352574095,2.70247366067944,-0.119039174444075
-2.01330277659232,1.55757534552995,0.117076487969255
-3.64384028169425,1.15491430029334,-0.213249231581853
-2.4855327181977,2.25308025687722,0.517367259845061
-2.32471219602141,3.63895161977695,0.125501892059488
-1.67097105605299,1.51844454311211,0.141001768980773
-2.23031464321667,1.33344332639251,0.302535549905302
-2.53432037100192,2.21209856190778,-0.676398077287292
-2.45582549655155,1.67253938434744,-0.423536716082265
-2.87476190348555,0.993189303431729,-0.221673238233086
-0.697361214732007,2.21012311685671,-0.558357700007404
1.06061644546779,3.1847961955243,-0.301289481570177
-1.98139040615503,1.04769756264167,-0.328815392686273
-2.95786262740986,1.75287535083774,0.104085452766698
-1.61978432802297,0.899445475108294,-0.0171185241893768
-2.33036258524552,2.4407459739847,-0.766152684684729
-0.570971361624881,1.42285090345585,-0.90367297029376
-1.05344108665221,1.44180765937949,0.0792561080624057
-2.50014960493109,2.63004029874497,-0.270852424822782
-1.86270914403329,1.59189486990686,-0.412806364678128
-1.20563204127097,2.08026511723827,0.160230030527952
-2.64971988922871,2.34593075163923,0.529262027247067
-1.57045883892647,0.540589202502061,-0.0911900783621076
-2.37612069956229,2.806533402758,0.265515219012943
-2.36749746529461,1.63444984697777,0.168361092872758
-0.380760375730426,1.7444211303725,-0.926386893386878
-3.08014746447991,1.61888227811324,-0.35389319422453
-2.39159916631806,1.62393264221682,0.136422548184549
-0.605273518859284,2.98653644931971,0.861581374818059
-1.93559346528124,2.40892985589509,-0.418050521961757
-2.55951900612144,3.59764300550036,0.436486161351552
-2.66965263612297,1.03673258056533,-0.139536467357348
-1.84313798605839,1.54676700230852,0.276445215480945
-3.02980515940179,0.758908050569317,-0.692573107754193
-2.2687099710885,2.55389604688744,-0.268080759675343
-2.35619859039766,1.56953069489276,-0.167757022888986
-1.91151672577109,3.77592064068859,-0.158994220882953
-1.34298433041759,2.29851592914879,-0.554562809248564
-3.19422835779034,1.57249815019627,0.899016492549335
-2.621581148049,0.922653541712637,-0.0576824817264416
-1.30670646314587,2.13663640502039,0.0530779745607856
-1.62998057096231,-0.0996933723523976,-1.11194957234801
-2.80814505622895,1.10102350925537,0.064088952472567
-1.13753211096249,2.93600677684189,0.134002425646431
-2.54972576052904,3.48628847840202,0.162529280892529
-1.75624322202362,1.58091426370612,0.291899750034731
-1.49876407399687,2.05813206947943,-0.0546860374133405
-1.98324189812535,0.972728935688343,-0.503200896128659
-2.51768418027234,2.70468915227113,-0.66882559672021
-3.03023199474351,1.56747848560418,0.0342313795187947
-1.89493202223347,1.12619833318037,-0.253325588622761
-2.79484986226845,3.3247595141514,0.762167326157389
-2.68203470132128,0.874043489613196,0.181747499831364
-1.10659187295938,1.87629762825394,-0.103913894845174
-1.24778173299423,1.05178314986545,-0.465739735351969
-2.3282748164672,2.13582023551471,-0.353460222921848
-1.57093403863586,1.93642782661189,-0.0391993939823677
3.6810742035664,-1.7397349264589,-0.272988355346626
3.85959226579105,-0.529701912975677,0.481302322471828
3.59098359812075,-3.26425937100042,0.109442781314317
0.910873078349155,-1.40866730310142,-0.144058283952151
1.60957161851159,-0.757395480422617,0.463860590726086
3.94816599152947,-1.73295959318153,-0.197832133097508
1.57646891823003,-0.811592380498703,-0.0279227243124691
1.03104012089882,-1.79746793211634,-0.391663418197222
2.27639642316171,-1.92849903072297,0.132599514776006
2.23657643238903,-2.35927386081523,-0.317803821608138
0.969700117813856,-2.25461983986144,-0.252190389694255
2.16527095471163,-2.76551946357476,-0.171916971492981
2.3240209191305,-2.05203455670257,0.130817124507971
1.65763229766363,-0.886162220506644,0.483992842780992
0.901949280806337,-2.40065249470032,0.0515900473922081
2.62710571522538,-2.03629173518909,-0.265472449993285
2.15471196579145,-1.78767902934977,1.10828108276187
1.46479827300467,-1.6480333761418,-0.560589906215014
1.86513504177451,-2.46173342778391,0.258550753402275
2.26950625829297,-2.44713932208121,0.999083196046159
2.83240781985051,-1.69825419428774,-0.0558064623480167
1.96101642712827,-1.0759651243578,0.11032399803635
1.20008084094117,-0.563378173242295,-0.126346303822028
1.59755732932709,-1.40946084876302,0.780029670712552
2.61258085598814,-1.34783247894616,0.669095397293974
3.07933420401058,-2.07909035773915,-0.134415234249441
4.76459162106468,-4.11413479014691,-0.0830780492599465
2.08255554034627,-1.53137498284153,0.0507049855924832
3.08401469400773,-1.77798755556784,0.302451697811238
0.32892867212847,-2.29646661330815,-0.0467290792153537
0.877668002539751,-3.04112096502804,0.881943010066485
1.60668856847451,-2.49442069287479,0.353410043774656
2.89500701606178,-1.91553734649548,-0.174930136311025
1.59693407736875,-0.86214933846155,0.321728495204286
1.82561418040049,-1.45978127488598,0.927043950746692
2.80846139827718,-1.97804238177191,0.536568633750158
1.75884491660928,-2.16622776687591,0.0356272277097817
3.3597489624507,-2.27955817786974,0.20132490549631
2.25489683796315,-2.57562947227379,-0.443102654120061
2.55853295060511,-2.33356040690514,-0.585400627069979
2.59341750512111,-1.34552558035576,-0.051860466601736
1.92061710788048,-3.32083665982103,0.957403664910709
1.96525706976825,-1.18081522901278,0.412151023282842
2.41069537638577,-2.00212023675063,0.147890042193449
1.87572993037862,-4.77604752553695,-0.358562316641027
2.7000794902202,-1.02575457517342,0.442681797947041
1.08278372511753,-2.62692034898245,0.416098571400628
0.958471290180871,-2.44946156417651,0.385912450998543
0.322529559912047,-2.40328956874252,-0.162120950402816
2.1850198860816,-1.23657327281274,0.444278917746996
1.45293941482749,-2.29141483838516,-0.243649573016165
2.86008196970048,-1.7052774202142,0.136162701719751
2.47577067396456,-3.19142877506629,-0.194974657806142
1.91222305294871,-0.783382187113816,-0.358795330658171
1.49223966581431,-2.41379907461761,0.180077215938046
0.506828260952381,-2.01486318563261,0.0885880265416251
4.02503445017572,-1.43185300975554,0.249454093334968
2.7604693233135,-1.41143405479051,-0.616681506121111
2.79210566776134,-2.70532858420736,-0.147355531857796
2.93369659105119,-2.03204687845096,-0.152889192591603
1.83674155118176,-2.22548434757387,0.169864788943518
1.47229865313259,-2.23696756088581,0.231117351146414
1.92599462653893,-2.27545014904599,-0.0396492311687998
0.825959038596228,-2.13997310618737,-0.401433323834239
2.03798174735334,-1.93651414821533,0.290316916081728
1.81528137341614,-0.877788504490737,-0.0556627778200464
2.43334640490249,-2.39859312669752,-0.194635588060709
1.64266118360997,-1.98120312331612,-0.0744809097965175
1.92405176560082,-2.3145246830651,-0.45658637120388
1.61586693837934,-1.45832152925547,0.71478924891446
1.52963135956987,-1.26572141990687,-0.476459479428394
4.16544681746879,-1.83058336834728,0.782810996964308
-0.541061019865354,-0.89620265876465,-0.459162231393205
1.60890926308637,-2.56841592863786,-0.6228087781227
2.72216099139773,-1.41759752872484,0.646898520769986
2.10942694988998,-2.04301353419397,0.11972327230338
3.20805398630238,-1.71509416310474,-1.30563120515482
1.03341200807933,-3.49459102406586,0.085118853841185
2.61576761104797,-2.38704852051665,-0.461294927732975
1.5943525885097,-1.95278335792848,-0.158302105177768
1.48161714312838,-1.94647065187859,0.340192382115878
2.2051072864558,-2.3713169503942,-0.527493069829412
1.33860339926722,-2.30553300269347,-0.580705558298777
1.30504351998463,-1.67771537541243,0.178313126004764
1.86638818812497,-1.08613874777643,-0.324254316619276
2.11211283514955,-1.5009622471365,0.272928695338219
0.0790743454382508,-1.53741351498443,0.0969982577633178
1.32615631028155,-1.891469341758,-0.218476331193802
1.35154603318756,-2.19751588152015,0.317364712498305
0.865831708888249,-1.26156971051296,-0.0793799262055317
0.702497720403575,-2.11886066939235,-0.164547246766895
1.22573042652185,-1.95407634215539,-0.269292514373531
1.58757437413999,-0.638749277900419,-0.772369386118943
1.74696363786345,-0.741503901802805,-0.11979978386249
2.98672306525316,-1.63684438587714,0.059744551710737
1.26444587485554,-2.1154023820408,0.124046337312677
2.45827147416046,-3.20137228552106,0.751418478216663
2.67936808134099,-2.29568120344686,-0.807424696710009
2.72839652174075,-4.97375963134602,0.492941418029957
2.31061243429087,-0.665045915527985,-0.237902832811431
1.04581192456261,-2.06877502592134,-0.161140155526489
1.7077911698363,-2.8944424906839,-0.249741257586781
4.57048647124675,-0.857072650392788,-0.634352986704936
3.45319676595885,-1.35656874011538,-0.682758347396293
2.30687932801016,-1.07882099808363,0.330924029679977
2.93838423467939,-2.94104091262201,0.596711229948291
1.54046600454455,-1.88936561436772,-0.506806871681395
2.54328082574839,-3.03517711217782,0.453514080728888
1.01613217524758,-2.83760267298047,0.361972621722932
1.50973359819417,-2.63281099514217,-0.0938707331259351
1.23146297615787,-1.12272450674705,-0.236800500117953
0.780180644409908,-2.23565555302132,-0.255987247256955
0.912236431824178,-2.48643774507387,0.0337261286317604
3.52526780251177,-0.930708698425882,0.0614251538868519
1.1115727036941,-1.12380302239599,-0.241743395885303
1.80542151999904,-1.97375724391376,-0.136336808868133
1.38544285859596,-1.74612687164296,-0.17543938711221
1.54982219680432,-1.09307093251266,-0.112851210279434
3.38145012289583,-1.78057513050469,0.128492040357826
1.8386341739698,-2.05969987407794,0.0243650817079535
2.92214233901906,-3.09935238770017,-1.22341688809452
2.04270873760058,-2.47216410936472,0.147811581796975
1.81059698457046,-2.44931610151034,0.392665812689627
2.51921373096574,-0.161989914611762,-0.177068672812909
2.3914662718041,-2.58019157637526,0.0890231886792232
3.48666170071946,-0.0122517097429422,-0.498625487210474
1.26704495872705,-2.4374883120327,-0.168814670674583
1.31235739975382,-1.50501031344348,-0.51612943782605
1.4390115064511,-2.27991831688347,-0.350377980710002
0.223824647355127,-2.7969518720212,0.397937265923132
2.25246659592595,-1.05501093659461,-0.17183523544611
1.40457835263045,-1.19993241218761,-0.816650843624758
2.16373414196139,-3.37295377496043,-0.0907953421902469
2.48813543981278,-2.40273092270522,-0.439242149853213
1.99852548076274,-1.17862041695925,0.459737205037961
1.96452163666838,-3.04150217596144,-0.0584258721215007
1.52455842815862,-0.631121289644831,-0.879840750257454
2.43260523262967,-0.897783445118389,0.212046896224538
1.68870609483414,-1.13440401614118,-0.452529991433858
2.21525012728779,-1.84456723528814,-0.511889926244906
2.05897335449201,-2.90272463260788,-0.127295361770559
2.41237441768226,-1.79309422902584,0.414245553334017
1.18772190494995,-1.3178765103859,-0.113607595392715
3.85414435780622,-2.43400687311964,-0.064989652012233
1.58264220185664,-1.76053278501826,-0.0301211360971874
2.77337845617993,-2.11150018230143,0.609099071851649
1.87213904805396,-3.74111903145084,-0.146029929046624
3.29373914556201,-1.84276331525696,-0.534215905908896
2.09887949955112,-2.33094125158728,-0.161967694155649
1.48869952678201,-2.12146125625744,0.132470187586336
2.84834819127509,-1.99925011210006,0.276119031835338
0.998752608051252,-1.94116525623664,-0.985552501263986
0.406085088017618,-1.53123658797964,0.25294451729659
3.8902967750282,-3.13935818072015,1.16399685921002
1.44298048485669,-0.996613639002045,-0.412190849292919
1.6992338843953,-1.52362897903903,0.307878785949294
1.31220554023503,-2.11142338110847,-0.127413774129404
1.59791694413336,-1.6759974899684,-0.0591788179701358
3.17981317168705,0.00542753333987456,-0.402879119149161
0.493025259185656,-3.01400338571099,-0.545525482176105
2.9677235422562,-2.13707100402863,0.532972447943071
1.59644005365769,-2.38395136248707,-0.373221667918135
2.30090995086569,-3.09109096596731,0.419604128318315
1.92231888126716,-1.89385814445818,-0.326024624255246
2.07913575838732,-2.12895514774887,0.450128426488989
2.31645576691721,-2.45998064474168,-0.149807472595835
1.62169885008503,-0.899802710628743,-0.948096620168834
3.23994039999185,-1.55459578660301,-0.18847544592034
3.01442580387412,-2.65221115043021,0.271383572511447
2.92329089376642,-1.98631654298375,-0.0324444436627796
2.48753154842009,-1.59308497351606,0.336915862144672
1.14217373252761,-2.59702820918497,0.735079957980794
2.55535821119789,-0.360345599567682,-0.652107126071679
0.188318685670901,-0.145167490116886,-0.234489388707853
0.59725005071831,-1.20981933333622,-0.0499579792129802
3.15645005422616,-0.954925676947499,-0.360878862678387
1.10507931609317,-0.972546298742491,0.340171591912881
1.55005547740983,-1.85562062771554,0.142400224907759
2.2874132637508,-1.16267729430463,-0.100941102272915
2.66942661010369,-2.70113808347183,0.231828971189969
0.971304582010323,-1.33854059477651,0.0437778879492694
1.66851512145715,-1.31192633406827,0.402766937198577
3.03979702421758,-1.84119641419844,0.0309484006344033
3.48150331440817,-2.0785985989888,0.776301915456562
0.617747613722298,-1.80885773959755,-0.321893307153879
3.01248469755985,-0.869206800575665,0.804757768710804
2.48275816294568,-1.91151791463226,-0.719132916070094
2.63858065629998,-3.64223869726114,0.28114308669115
2.57154404484147,-1.01951820248364,0.266590842660558
2.91570725778123,-1.95215099333444,-0.457739965290929
0.602060667810943,-1.96989365440229,-0.426106384105745
0.993232821076395,-1.5088339228819,1.04992345043639
2.20555395751787,-0.718634289458672,0.599661135627667
1.23635756396788,-1.61451315955203,0.565902880445798
1.60216374914905,-1.26686442655807,-0.708534691543283
2.01817534652678,-2.22473605606244,-0.411418742931849
2.86543920644576,-1.55071156409098,0.335570323669129
0.884156741519778,-1.19609256136638,0.0220074781280483
1.9800805754403,-1.76183211303707,-0.760204815977876
1.34191859073775,-2.88506415710191,-0.749098671300541
-0.285787483566344,0.349513466968307,0.231987484819432
0.0690270357639095,-1.1913093039363,0.0027253429493294
0.79401882869509,-0.660081864673536,-1.26149359304582
-0.192480969583315,0.601016504109818,-0.00531568208482994
-1.16420716271107,-0.445660052563562,0.4093507807361
-0.193470207589948,-0.396023257075815,-0.0773882631559233
0.520949071691397,-0.903489803337546,0.670082884177421
-0.537204601571157,-0.469399559677789,-0.00304637531310113
-0.155023316815945,0.550502121853872,0.264398061218014
-0.994690878088297,0.951463007485536,0.228537178196981
0.79582444182459,-0.258557940925821,0.0131764165594085
1.48561101733777,-0.252020962947045,-0.463757173689893
-0.565296475279073,-0.0873149522375645,0.178182564969153
0.879357027213304,-1.09794742383951,0.214438807562705
0.413469056576176,-1.30586549835597,-0.482538913636304
-0.889110557483447,-0.186039456685801,0.0743561276161014
1.00767962997651,0.769741275303608,-0.120830061522729
-0.378028904463737,0.0187824005473302,-0.439200164138127
0.603965708907588,-0.198816541144208,0.264504513485099
1.06822900640002,-0.23395915317961,-0.326375106544571
0.0172555681134442,0.313649583578664,0.0436508900998351
0.153160683072004,-0.0459689566330218,-0.396609250576119
0.384893496435087,0.0414312505694843,0.399847031123497
-0.692170490861153,0.0654745945388213,0.401850574020635
-1.03514751136253,-0.142363399282088,-0.749629648028666
-0.832659399839625,-0.245718801703107,-0.413007034170033
-0.876120209216247,-0.380590726507924,0.117012635036613
-0.469457485241451,-0.886248338508963,-0.860987524743773
-0.417057924888952,-0.97986804563046,-0.658409067183374
1.0792145944085,-0.0383716047267721,0.106642642845538
0.698207911951771,0.507499263956536,-0.149983348348746
1.22767667269386,-0.939948171629562,-0.299109714713483
-0.0678249374695455,0.503228366240275,0.553340620623403
-0.202852640289311,0.270062581196409,-0.759519301229513
-0.17972129602177,-0.325991882971891,-0.254694136410952
0.777999624567866,0.128559518273423,-0.00533353945346055
-0.525043196852863,-0.225455197805679,0.304705907648595
-0.894823230501697,0.241475632170378,-0.360404770458906
0.317372746421112,0.687424039061499,-0.761235754173602
-0.326379289929877,-0.0929114013697655,-0.0659973474018292
1.20708298456363,-0.259905572838099,-0.0265469486304992
-0.425486508406066,-1.05164745197197,0.260062468172158
-0.254194279223967,-0.263235443330266,-0.232431538132979
0.671576934173617,-0.115169761948032,-0.548857152710799
-0.375144935077835,-0.540644796827805,-0.317342225770841
0.186185566423887,-0.699020792432541,0.625090244447447
0.212290485247315,1.00156808854592,0.476843506364779
-0.157629169260828,-0.202127923489199,0.539847336470989
0.11874849850837,0.267553283626181,0.837858511158415
-0.254822915048625,0.360882927839393,0.0737280177484839
-0.211671843419446,0.771269354091909,0.309468710762277
-0.583531011608708,0.855174559273774,-0.451874705449727
-1.12092094005063,-0.627551233418345,0.0304361776547683
-0.419628945711452,1.2186199063177,-0.13143669736573
-0.467112290492105,-0.530153313169458,0.324550043454194
-0.804712614388851,-0.511950026318099,0.0661187450944534
-0.104813314833508,-0.160953264936862,0.0613227374857407
0.689131540473943,-0.0446038502707057,-0.0923340240306114
-0.215522247564877,0.05848455559308,-0.0127731247280908
-0.107640964697885,-0.340097307956082,0.719694738460628
-1.05687958704534,-0.713598728970738,-0.65042972640174
-0.979110629677934,0.506002866345281,-0.228077867445108
-0.17690069771249,0.594606054778623,-0.28184926682942
0.178472844207272,-0.0819379179706737,-0.151010975869449
0.0184847538899106,-1.15282441544047,0.403348097036677
0.0163461286397447,-0.0273375856568721,-0.203711548109113
-0.472103354448557,0.23805971282298,-0.582839053297387
-0.232135099130291,0.958862909496253,0.0632149161966609
-0.708353622280014,-0.592509365001102,-0.132576371254825
0.930207454728301,0.642409673891812,-0.253222680465209
0.415909024100181,-0.779682345464599,-0.122680774646442
-1.0636254742104,-0.461933652465503,-0.385343365379645
-0.780276343257266,1.12121774355996,-0.249726762684213
-0.624453446660107,0.394911029253562,0.215127487630887
0.343318505873057,0.563787659643633,-0.824226523908436
0.072789293666387,-0.426991262456096,0.542400192924174
0.185853398729824,1.06607694193274,-0.191609312385532
-0.115916319860794,-0.695334692611589,0.499339141244532
0.386799388504851,0.319990571324569,0.523985243305478
-0.739801190337467,-0.11916036535326,0.169536893821526
-0.96923069509668,0.410447993361738,-0.277574187259822
1.02262740391993,-0.384773643644289,0.0392789440281569
-0.128532755691143,0.300569811106782,-0.0793881522305288
0.470925210230291,-0.455538825433059,-0.622552801892003
-0.809732302354894,0.0383797244517623,-0.654406470936768
0.362067378887139,-0.12550585478485,0.551856330400827
0.289931167709469,0.433444425667478,0.447733854585738
-0.325197486888839,0.962294983523039,0.437557545615293
0.638844630963592,-0.0499679470385464,-0.352927156800407
-0.0979546672773583,0.916917074033549,-0.993589615882706
-0.5736736942828,0.281073821245743,-0.623995828213543
-0.992440639265534,-0.0939119346938344,0.318742136461832
0.937254150552601,1.18841552854566,1.09328456674683
0.214594449522554,0.111940629047557,0.216465931282303
-0.151780244184671,-0.724134116721341,0.335558321385404
0.976433621165937,0.407398207647991,-0.0343505113891759
0.11660642906661,-0.00165326363642522,-0.278638362808693
0.735188513385955,0.136496276613808,0.0424506599448546
-0.474110848471462,0.653066229936243,-0.0329649601537108
-0.0563302615715517,0.221176296538424,0.748616412752415
-0.106028996906982,0.221984787914132,0.459335830590066
-0.335961828204501,-0.758880146823982,0.246534064645715
-0.0045227813267091,0.0194935327481359,0.0452531294186153
-0.292389567388779,0.0697241457424883,-0.0290061658071729
-0.354486710570006,-0.619927886908746,-0.163699249701837
0.100339733848733,-1.31690700463715,0.939355147032163
0.124880168991817,-0.0937946250617728,-0.12563983607055
-0.011655621172152,0.811053452912742,-0.711700771488362
-0.0730036293766074,0.779609121366121,-0.184748471973136
-0.485077694186582,-0.406000367263442,-0.00964288706155109
0.799151433028874,-1.00837647842266,0.014865301900374
0.641617310231725,-1.11944845257215,0.33008704079598
0.549190591333902,0.37824446651456,0.140822746321323
1.64834453509798,1.22512337154701,-0.383135434896838
1.12507174835408,-0.509354063358267,0.217623190319758
-0.731841008507649,-0.876237291094691,0.218446245681069
-1.33226226750868,-0.0212929331330749,-0.972527780442817
0.860225932829968,-1.01125004981745,0.131696174928498
0.418815430321606,-1.33566287241933,0.477726833385205
0.664097714822058,1.14883061272029,-0.393141301279248
0.260514539923613,-0.563671511273124,0.279832586291752
1.04775490117588,-0.146550430249485,-0.16927283510942
-0.737936512189225,-0.372571929484574,0.3040020774795
-0.61913127463384,0.476260675568509,1.07795229891877
-1.6773958448307,0.775289132460243,0.0714453248121246
0.829861210322343,-0.667874222905815,-0.260061042670112
-0.412398729401362,0.849645854207737,0.257981478351641
0.954128270153959,0.435496480213604,0.426657010370599
0.0787102445344373,-1.4885338919621,0.553124589885233
-0.189739314445653,0.553446033303068,-0.454145786891571
-0.198531847524584,-0.385670059076736,-0.094280150261646
0.356817671925111,-0.186014547172552,-0.431324983631905
-0.227735228878317,0.404149454421024,0.306793038374007
0.025853231701547,-0.129323981810395,0.0812242963014447
0.0380061513266022,0.588960734151211,0.0231447490957837
0.043059689525028,-0.147778588022261,0.318797401928966
0.23814651792491,0.588459484434396,0.594925732415516
0.343700768101591,-0.469637535747723,0.652975732326608
-0.520665451165977,-0.451412173004014,-0.274473653593745
-0.136775904642528,-0.238739288348574,0.312063916530284
-0.468591910181047,0.236947026083216,0.339445121185435
0.329540118545295,0.579030852522466,-0.321102309880525
-0.20647065760558,-0.0401320050843035,-0.971609485358173
0.129978407205735,-0.557544709132798,0.247095575186541
0.0452845993822417,0.72292734732155,0.0884842871845705
-0.264136888232183,0.938017705862014,0.131907084793448
0.253885679043755,-0.828428556878031,-0.532105016476753
0.876600489982719,-0.238852064046478,-0.551449131742105
-0.103106477350466,-1.16197616757196,-0.0267352945856758
0.851262602512115,-0.871488686059337,0.228200423856366
-1.28536022548078,-0.521413598340593,-0.0517557058485813
-0.192314759399161,0.529561664725536,0.475055612842423
0.297233032445065,0.557847283794302,0.937391726652486
-1.89939004213097,0.409802369537202,-0.59542275180766
0.723069722739275,0.860170142237794,-0.129413154686488
-0.150080218489703,1.17780126837458,0.0662035852282926
-0.261791669380445,-0.0477102964075282,-0.111735775781983
-0.153610751076539,-1.07352659253299,0.59972842882804
0.426080207866062,-0.378760776243872,0.747696281758504
0.00140259325513921,0.488884931920712,-0.261327755796002
-0.0668487625795989,-0.719620755708062,-0.328809095488951
0.46695149699911,-0.620988371396638,-0.50659810374013
0.832912525985542,-0.12050117887973,0.510338070100459
-0.84494556876708,-0.169554921155522,-0.455627105175741
-0.857880057450742,-0.994099115277369,-0.755640612366374
0.827373868086768,1.071310645585,-0.495436347202864
-0.198853012772599,0.0964605221226563,0.0040946543315639
0.840095098780856,0.977631297813988,0.330758163912843
0.324240274769177,0.74234195576222,0.524632800945508
0.515129186664584,0.632058810991746,0.135134355380574
0.452612760089215,-0.328096615275446,-1.03143882992191
0.745715704396477,0.895693339344844,0.27584757439801
0.571633891728212,-0.0139234919242701,0.153469094261297
0.590953185456989,0.792374902101736,-0.36824406773168
-1.08662403078311,-0.611547398711453,0.617289939590263
0.720694703306185,0.131827793709686,0.36547559202329
-0.108479917131716,-0.00965419346805317,0.319396855467061
0.0246436793005888,-1.59440578946835,-0.495959377485904
-0.022805032905646,0.430539323998498,0.345622913199028
0.689468933230389,-0.0121965403688576,-0.343611156549747
-0.0433127869234852,0.240055736922012,-0.0448658478198031
-0.98399815742406,-0.831479244722297,0.666481267569004
-0.377800615466502,0.796433695471512,0.464304363978704
-0.317457718853365,0.435397604464751,0.0629524284443311
-1.12281724149034,-0.201940563675218,-0.166343896185875
-0.145909547619533,-0.228906752325913,0.234830840966076
0.62344281802276,-1.24656840301175,0.0224757426481679
0.0905798121757268,0.878515788161989,-0.0864400393100194
-0.622601852317509,0.0107964076593299,-0.576770114683738
-0.62172472933235,-0.119295869484215,-0.236029649235796
-0.0685296249665063,0.273912135370061,-0.479273512929521
0.083008590125681,1.66301778425418,0.129385457650734
0.067002704628766,0.564033926887938,0.100364937669576
-0.653829246283225,-0.489645866143394,0.657525587789706
-0.394699405454447,0.960710665682648,0.125895180169942
0.619119626782965,0.0613492253842939,-0.147680781898191
-0.38471520178673,-0.699299947751481,-0.142615837129476
-0.0490649474892602,0.385941258575602,-0.0342099820070791
0.575566099698001,-0.703508377809298,0.25704105274747
-0.583996265908285,0.00485296555991625,-0.0894728845742607
